id,split,category,difficulty,module,question,reference_answer,reviewer_answer_correct_1_5,reviewer_difficulty_agree_Y_N,reviewer_comments
wf-orch-020,dev,api_orchestration,intermediate,housekeeping,What is the complete API workflow for: Property Interfaces - Room Equipment? List all required API calls in order.,"The required API sequence is:
1. Change the Room Maid Status to Inspected: PUT /hsk/v1/hotels/{{HotelId}}/rooms/status
2. Change the Room Maid Status to Clean: PUT /hsk/v1/hotels/{{HotelId}}/rooms/status
3. Change the Room Maid Status to Dirty: PUT /hsk/v1/hotels/{{HotelId}}/rooms/status
4. Change the Room Maid Status to Pickup: PUT /hsk/v1/hotels/{{HotelId}}/rooms/status
5. Set the Guest Service Status to DND - active: PUT /hsk/v1/hotels/{{HotelId}}/serviceRequests
6. Set the Guest Service Status to MUR - active: PUT /hsk/v1/hotels/{{HotelId}}/serviceRequests
7. Set the Guest Service Status to DND or MUR - off: PUT /hsk/v1/hotels/{{HotelId}}/serviceRequests
8. Post a Guest Message - New Voicemail: POST /rsv/v1/hotels/{{HotelId}}/reservations/{{ReservationId}}/guestMessages
9. Update Guest Message - Voicemail Off - delivered: PUT /rsv/v1/hotels/{{HotelId}}/reservations/{{ReservationId}}/guestMessages/30040",,,
crm-orch-003,dev,api_orchestration,basic,crm,What API call retrieves a profile using its external system ID?,GET /crm/v1/externalSystems/{extSystemCode}/profiles/{profileExternalId} using getProfileByExtId,,,
wf-tbl-010,test,troubleshooting,advanced,multi,"A contactless guest journey integration works in the test environment but fails in production. The OAuth token is obtained successfully, but all subsequent API calls return 403 Forbidden. What should be investigated?",1. The application's scope/permissions in production may differ from test — check the OHIP Developer Portal for granted scopes. 2. The x-app-key may be different between environments. 3. The hotel/property ID may not be authorized for the application in production. 4. The OAuth scope parameter may be incorrect for the production environment. 5. Rate limiting or IP whitelisting may be in effect in production. 6. The application may not be approved/activated in the production environment.,,,
rsv-cfg-002,test,config_advisory,basic,reservations,How are deposit policies configured for reservations in OPERA Cloud?,"Deposit policies are configured using PUT /rsv/v1/hotels/{hotelId}/depositPolicies (putDepositPolicy). Configuration includes defining deposit rules, amounts, and due dates.",,,
wf-orch-004,dev,api_orchestration,advanced,front_office,What is the complete API workflow for: Check Out? List all required API calls in order.,"The required API sequence is:
1. Search for a reservation: GET /rsv/v1/hotels/{{HotelId}}/reservations
2. Retrieve reservation details by Id : GET /rsv/v1/hotels/{{HotelId}}/reservations/{{ReservationId}}
3. Update reservation with payment method: PUT /rsv/v1/hotels/{{HotelId}}/reservations/{{ReservationId}}
4. Get the reservation folio: GET /csh/v1/hotels/{{HotelId}}/reservations/{{ReservationId}}/folios
5. Get transaction codes to see what charges can be posted: GET /csh/v1/hotels/{{HotelId}}/transactionCodes
6. Add a charge to the folio: POST /csh/v1/hotels/{{HotelId}}/reservations/{{ReservationId}}/charges
7. Add a Payment to the folio: POST /csh/v1/hotels/{{HotelId}}/reservations/{{ReservationId}}/payments
8. Post a Folio, required before checking out a guest: POST /csh/v1/hotels/{{HotelId}}/reservations/{{ReservationId}}/folios
9. Check out a reservation: POST /csh/v1/hotels/{{HotelId}}/reservations/{{ReservationId}}/checkOuts
10. Reverse a check out: PUT /csh/v1/hotels/{{HotelId}}/reservations/{{ReservationId}}/checkOuts/reinstate",,,
fof-tbl-002,dev,troubleshooting,intermediate,front_office,A POS integration is posting charges successfully but they are appearing on the wrong folio window. What configuration should be checked?,1. Check the routing instructions on the reservation — charges may be routed to a specific window/folio. 2. Verify the transaction code mapping — different transaction codes may route to different windows. 3. Check if the postBillingCharges request is specifying the correct folioWindowNo parameter. 4. Review the folio configuration to ensure windows are set up correctly.,,,
wf-tbl-004,dev,troubleshooting,advanced,front_office,A checkout integration calls postCheckOuts but receives an error that the folio has an outstanding balance. The integration has already posted a payment covering all charges. What steps are missing?,"1. After posting payment via postBillingPayments, the integration must generate the folio number using postFolios before checkout. 2. The folio generation step (postFolios) creates the bill number and finalizes the folio. 3. Only after the folio is generated with a $0 balance can postCheckOuts succeed. 4. The integration should verify the folio balance using getFolios before attempting checkout.",,,
auth-orch-002,dev,api_orchestration,intermediate,multi,How does OAuth token authentication work with Oracle Hospitality APIs using Client Credentials (OCIM)?,"1. Obtain OAuth Client ID, Client Secret, Application Key, Scope, and Enterprise ID from the Oracle Hospitality Developer Portal. 2. Call the OAuth API with these credentials to obtain a Bearer token. 3. Include the Bearer token in the Authorization header of every subsequent API call. 4. Monitor the 'exp' attribute in the JWT and renew the token 2 minutes before expiry.",,,
fof-cfg-003,dev,config_advisory,advanced,front_office,A hotel is setting up a POS integration to post restaurant charges to guest rooms. What end-to-end configuration is needed in OPERA Cloud?,"1. Register the POS system as an external system/interface. 2. Configure the OAuth/OCIM authentication credentials. 3. Set up transaction codes for the POS charges (food, beverage, tax). 4. Configure window/folio routing rules if charges should go to specific folios. 5. Enable posting privileges for the interface. 6. Optionally configure auto-balance for cash payments.",,,
rsv-orch-003,test,api_orchestration,basic,reservations,How do you cancel an existing reservation using the OPERA Cloud API?,POST /rsv/v1/hotels/{hotelId}/reservations/{reservationId}/cancellations using postCancelReservation,,,
fof-tbl-001,dev,troubleshooting,basic,front_office,A partner system receives a 403 error when calling postBillingCharges. The reservation exists and is confirmed but not checked in. What's wrong?,Charges can only be posted to reservations with InHouse status. A confirmed reservation has not been checked in yet. The guest must be checked in first using postCheckIn before charges can be posted.,,,
ug-cfg-018,dev,config_advisory,basic,front_office,What OPERA Control enables automatic room assignment during check-in?,"The 'Auto Assign Room at Check-In' OPERA Control must be active. When enabled, the system automatically assigns an available inspected room of the correct room type to the reservation during the check-in process.",,,
api-tbl-007,dev,troubleshooting,basic,crm,"A GET /crm/v1/hotels/{hotelId}/profiles search returns 0 results when searching by guest last name, even though the profile exists. What should be checked?","1. The name search may be case-sensitive or use partial matching — try wildcards or exact case. 2. The profile may exist at a different property (chain-level vs. property-level profile). 3. The profile type filter (Guest, Company, Agent) may be excluding the result. 4. The guest may have an incognito profile hiding the real name. 5. Special characters or accented characters in the name may need encoding.",,,
ug-cfg-012,dev,config_advisory,intermediate,crm,What prerequisites must be met for creating guest or contact profiles in OPERA Cloud?,"1. The 'Contacts' OPERA Control must be active for contact profiles. 2. The 'Multi Language' OPERA Control enables multi-language profile support. 3. Mandatory communication details settings control which fields (email, phone) are required. 4. Address validation settings may require valid address formats.",,,
ug-cfg-009,dev,config_advisory,intermediate,reservations,What OPERA Controls are needed to enable advanced deposit handling for reservations?,"The 'Advanced Deposit Handling' OPERA Control must be active. This enables more sophisticated deposit rules including automatic deposit scheduling, partial deposits, deposit refund rules, and deposit policy enforcement at booking time.",,,
wf-cfg-006,dev,config_advisory,advanced,reservations,What configuration determines which rate plans are available for a specific date range and room type?,1. Rate plan schedules must be created with date ranges and room type assignments (postRatePlanSchedules). 2. Rate categories must be configured. 3. Room types must be associated with the rate plan. 4. The rate plan must be active and not restricted for the requested dates. 5. Market codes and source codes may further restrict availability.,,,
wf-orch-007,test,api_orchestration,advanced,reservations,What is the complete API workflow for: Create a Standard Rate? List all required API calls in order.,"The required API sequence is:
1. Get Rate Categories for a property: GET /lov/v1/listOfValues/hotels/{{HotelId}}/rateCategories
2. Get Room Types for a property: GET /lov/v1/listOfValues/hotels/{{HotelId}}/resortRoomTypes
3. Get Market Codes for a property: GET /lov/v1/listOfValues/{{Name}}
4. Get Source codes for a property: GET /lov/v1/listOfValues/{{Name}}
5. Get Transaction Codes for a property: GET /lov/v1/listOfValues/{{Name}}
6. Get Rate Package Transaction Codes: GET /lov/v1/listOfValues/{{Name}}
7. Create a new Rate Plan: POST /rtp/v1/hotels/{{HotelId}}/ratePlans
8. Add packages to a Rate Plan: POST /rtp/v1/hotels/{{HotelId}}/ratePlans/{{RatePlanCode}}/packages
9. Update an existing Rate Plan: PUT /rtp/v1/hotels/{{HotelId}}/ratePlans/{{RatePlanCode}}
10. Get Room types available to add rate schedules: GET /lov/v1/listOfValues/{{Name}}
11. Create Rate Plan Schedules: POST /rtp/v1/hotels/{{HotelId}}/ratePlans/{{RatePlanCode}}/schedules
12. Create Rate Plan Schedules with a package: POST /rtp/v1/hotels/{{HotelId}}/ratePlans/{{RatePlanCode}}/schedules
13. Update a Rate Plan Schedule: PUT /rtp/v1/hotels/{{HotelId}}/ratePlans/{{RatePlanCode}}/schedules
14. Get existing Rate Plan Schedules: GET /rtp/v1/hotels/{{HotelId}}/ratePlans/{{RatePlanCode}}/schedules",,,
wf-tbl-011,dev,troubleshooting,intermediate,front_office,"An integration posts a billing payment to settle a guest's folio, but getFolios still shows an outstanding balance. The payment amount matched the total charges. What is wrong?","1. New charges may have been posted between reading the balance and posting the payment (minibar, phone, etc.). 2. The payment may have been posted to a different folio window than where the charges reside. 3. Tax calculations may have added additional amounts after the balance was read. 4. The payment transaction code may be incorrect, causing it to be treated as a charge instead of a payment. 5. Currency rounding differences may leave a small residual balance.",,,
